bonification;fiche;nom
CFT;BAT-TH-102;Chaudière collective à haute performance énergétique
CFT;BAT-TH-113;Chaudière collective à haute performance énergétique
CFT;BAT-TH-127;Chaudière collective à haute performance énergétique
CFT;BAT-TH-140;Chaudière collective à haute performance énergétique
CFT;BAT-TH-141;Chaudière collective à haute performance énergétique
CFT;BAT-TH-157;Chaudière collective à haute performance énergétique
CRC;BAR-TH-145;Coup de pouce Rénovation performante de bâtiment résidentiel collectif
CRM;BAR-TH-164;Coup de pouce Rénovation performante d'une maison individuelle
CDP;BAR-TH-113;Coup de pouce Chauffage
CDP;BAR-TH-104;Coup de pouce Chauffage
CDP;BAR-TH-143;Coup de pouce Chauffage
CDP;BAR-TH-159;Coup de pouce Chauffage
CDP;BAR-TH-137;Coup de pouce Chauffage
CDP;BAR-TH-106;Coup de pouce Chauffage
CDP;BAR-TH-112;Coup de pouce Chauffage
CDP;BAR-TH-158;Coup de pouce Chauffage
CDP;BAR-TH-163;Coup de pouce Chauffage
CDP;BAR-EN-101;Coup de pouce Isolation
CDP;BAR-EN-103;Coup de pouce Isolation
ZNI;AGRI-EQ-101;Zones non interconnectées
ZNI;AGRI-EQ-102;Zones non interconnectées
ZNI;AGRI-EQ-104;Zones non interconnectées
ZNI;AGRI-EQ-105;Zones non interconnectées
ZNI;AGRI-EQ-106;Zones non interconnectées
ZNI;AGRI-EQ-107;Zones non interconnectées
ZNI;AGRI-EQ-108;Zones non interconnectées
ZNI;AGRI-SE-101;Zones non interconnectées
ZNI;AGRI-TH-101;Zones non interconnectées
ZNI;AGRI-TH-102;Zones non interconnectées
ZNI;AGRI-TH-103;Zones non interconnectées
ZNI;AGRI-TH-104;Zones non interconnectées
ZNI;AGRI-TH-105;Zones non interconnectées
ZNI;AGRI-TH-108;Zones non interconnectées
ZNI;AGRI-TH-109;Zones non interconnectées
ZNI;AGRI-TH-110;Zones non interconnectées
ZNI;AGRI-TH-113;Zones non interconnectées
ZNI;AGRI-TH-117;Zones non interconnectées
ZNI;AGRI-TH-118;Zones non interconnectées
ZNI;AGRI-TH-119;Zones non interconnectées
ZNI;AGRI-UT-101;Zones non interconnectées
ZNI;AGRI-UT-102;Zones non interconnectées
ZNI;AGRI-UT-103;Zones non interconnectées
ZNI;AGRI-UT-104;Zones non interconnectées
ZNI;BAR-EN-101;Zones non interconnectées
ZNI;BAR-EN-102;Zones non interconnectées
ZNI;BAR-EN-103;Zones non interconnectées
ZNI;BAR-EN-104;Zones non interconnectées
ZNI;BAR-EN-105;Zones non interconnectées
ZNI;BAR-EN-106;Zones non interconnectées
ZNI;BAR-EN-107;Zones non interconnectées
ZNI;BAR-EN-108;Zones non interconnectées
ZNI;BAR-EN-109;Zones non interconnectées
ZNI;BAR-EN-110;Zones non interconnectées
ZNI;BAR-EQ-102;Zones non interconnectées
ZNI;BAR-EQ-103;Zones non interconnectées
ZNI;BAR-EQ-110;Zones non interconnectées
ZNI;BAR-EQ-111;Zones non interconnectées
ZNI;BAR-EQ-115;Zones non interconnectées
ZNI;BAR-SE-104;Zones non interconnectées
ZNI;BAR-SE-105;Zones non interconnectées
ZNI;BAR-SE-106;Zones non interconnectées
ZNI;BAR-SE-107;Zones non interconnectées
ZNI;BAR-TH-101;Zones non interconnectées
ZNI;BAR-TH-102;Zones non interconnectées
ZNI;BAR-TH-104;Zones non interconnectées
ZNI;BAR-TH-106;Zones non interconnectées
ZNI;BAR-TH-107;Zones non interconnectées
ZNI;BAR-TH-107-SE;Zones non interconnectées
ZNI;BAR-TH-110;Zones non interconnectées
ZNI;BAR-TH-111;Zones non interconnectées
ZNI;BAR-TH-112;Zones non interconnectées
ZNI;BAR-TH-113;Zones non interconnectées
ZNI;BAR-TH-116;Zones non interconnectées
ZNI;BAR-TH-117;Zones non interconnectées
ZNI;BAR-TH-118;Zones non interconnectées
ZNI;BAR-TH-122;Zones non interconnectées
ZNI;BAR-TH-123;Zones non interconnectées
ZNI;BAR-TH-124;Zones non interconnectées
ZNI;BAR-TH-125;Zones non interconnectées
ZNI;BAR-TH-127;Zones non interconnectées
ZNI;BAR-TH-129;Zones non interconnectées
ZNI;BAR-TH-130;Zones non interconnectées
ZNI;BAR-TH-135;Zones non interconnectées
ZNI;BAR-TH-137;Zones non interconnectées
ZNI;BAR-TH-139;Zones non interconnectées
ZNI;BAR-TH-141;Zones non interconnectées
ZNI;BAR-TH-143;Zones non interconnectées
ZNI;BAR-TH-145;Zones non interconnectées
ZNI;BAR-TH-148;Zones non interconnectées
ZNI;BAR-TH-150;Zones non interconnectées
ZNI;BAR-TH-155;Zones non interconnectées
ZNI;BAR-TH-158;Zones non interconnectées
ZNI;BAR-TH-159;Zones non interconnectées
ZNI;BAR-TH-160;Zones non interconnectées
ZNI;BAR-TH-161;Zones non interconnectées
ZNI;BAR-TH-162;Zones non interconnectées
ZNI;BAR-TH-163;Zones non interconnectées
ZNI;BAR-TH-164;Zones non interconnectées
ZNI;BAR-TH-165;Zones non interconnectées
ZNI;BAR-TH-166;Zones non interconnectées
ZNI;BAR-TH-167;Zones non interconnectées
ZNI;BAR-TH-168;Zones non interconnectées
ZNI;BAT-EN-101;Zones non interconnectées
ZNI;BAT-EN-102;Zones non interconnectées
ZNI;BAT-EN-103;Zones non interconnectées
ZNI;BAT-EN-104;Zones non interconnectées
ZNI;BAT-EN-106;Zones non interconnectées
ZNI;BAT-EN-107;Zones non interconnectées
ZNI;BAT-EN-108;Zones non interconnectées
ZNI;BAT-EN-109;Zones non interconnectées
ZNI;BAT-EN-110;Zones non interconnectées
ZNI;BAT-EQ-117;Zones non interconnectées
ZNI;BAT-EQ-123;Zones non interconnectées
ZNI;BAT-EQ-124;Zones non interconnectées
ZNI;BAT-EQ-125;Zones non interconnectées
ZNI;BAT-EQ-127;Zones non interconnectées
ZNI;BAT-EQ-129;Zones non interconnectées
ZNI;BAT-EQ-130;Zones non interconnectées
ZNI;BAT-EQ-131;Zones non interconnectées
ZNI;BAT-EQ-133;Zones non interconnectées
ZNI;BAT-SE-103;Zones non interconnectées
ZNI;BAT-SE-104;Zones non interconnectées
ZNI;BAT-SE-105;Zones non interconnectées
ZNI;BAT-TH-102;Zones non interconnectées
ZNI;BAT-TH-103;Zones non interconnectées
ZNI;BAT-TH-104;Zones non interconnectées
ZNI;BAT-TH-105;Zones non interconnectées
ZNI;BAT-TH-108;Zones non interconnectées
ZNI;BAT-TH-109;Zones non interconnectées
ZNI;BAT-TH-110;Zones non interconnectées
ZNI;BAT-TH-111;Zones non interconnectées
ZNI;BAT-TH-112;Zones non interconnectées
ZNI;BAT-TH-113;Zones non interconnectées
ZNI;BAT-TH-115;Zones non interconnectées
ZNI;BAT-TH-116;Zones non interconnectées
ZNI;BAT-TH-121;Zones non interconnectées
ZNI;BAT-TH-122;Zones non interconnectées
ZNI;BAT-TH-125;Zones non interconnectées
ZNI;BAT-TH-126;Zones non interconnectées
ZNI;BAT-TH-127;Zones non interconnectées
ZNI;BAT-TH-134;Zones non interconnectées
ZNI;BAT-TH-135;Zones non interconnectées
ZNI;BAT-TH-139;Zones non interconnectées
ZNI;BAT-TH-140;Zones non interconnectées
ZNI;BAT-TH-141;Zones non interconnectées
ZNI;BAT-TH-142;Zones non interconnectées
ZNI;BAT-TH-143;Zones non interconnectées
ZNI;BAT-TH-145;Zones non interconnectées
ZNI;BAT-TH-146;Zones non interconnectées
ZNI;BAT-TH-153;Zones non interconnectées
ZNI;BAT-TH-154;Zones non interconnectées
ZNI;BAT-TH-155;Zones non interconnectées
ZNI;BAT-TH-156;Zones non interconnectées
ZNI;BAT-TH-157;Zones non interconnectées
CPE;BAR-EN-101;Contrat de performance énergétique
CPE;BAR-EN-102;Contrat de performance énergétique
CPE;BAR-EN-103;Contrat de performance énergétique
CPE;BAR-EN-104;Contrat de performance énergétique
CPE;BAR-EN-105;Contrat de performance énergétique
CPE;BAR-EN-106;Contrat de performance énergétique
CPE;BAR-EN-107;Contrat de performance énergétique
CPE;BAR-EN-108;Contrat de performance énergétique
CPE;BAR-EN-109;Contrat de performance énergétique
CPE;BAR-EN-110;Contrat de performance énergétique
CPE;BAR-EQ-102;Contrat de performance énergétique
CPE;BAR-EQ-103;Contrat de performance énergétique
CPE;BAR-EQ-110;Contrat de performance énergétique
CPE;BAR-EQ-111;Contrat de performance énergétique
CPE;BAR-EQ-115;Contrat de performance énergétique
CPE;BAR-SE-104;Contrat de performance énergétique
CPE;BAR-SE-105;Contrat de performance énergétique
CPE;BAR-SE-106;Contrat de performance énergétique
CPE;BAR-SE-107;Contrat de performance énergétique
CPE;BAR-TH-101;Contrat de performance énergétique
CPE;BAR-TH-102;Contrat de performance énergétique
CPE;BAR-TH-104;Contrat de performance énergétique
CPE;BAR-TH-106;Contrat de performance énergétique
CPE;BAR-TH-107;Contrat de performance énergétique
CPE;BAR-TH-107-SE;Contrat de performance énergétique
CPE;BAR-TH-110;Contrat de performance énergétique
CPE;BAR-TH-111;Contrat de performance énergétique
CPE;BAR-TH-112;Contrat de performance énergétique
CPE;BAR-TH-113;Contrat de performance énergétique
CPE;BAR-TH-116;Contrat de performance énergétique
CPE;BAR-TH-117;Contrat de performance énergétique
CPE;BAR-TH-118;Contrat de performance énergétique
CPE;BAR-TH-122;Contrat de performance énergétique
CPE;BAR-TH-123;Contrat de performance énergétique
CPE;BAR-TH-124;Contrat de performance énergétique
CPE;BAR-TH-125;Contrat de performance énergétique
CPE;BAR-TH-127;Contrat de performance énergétique
CPE;BAR-TH-129;Contrat de performance énergétique
CPE;BAR-TH-130;Contrat de performance énergétique
CPE;BAR-TH-135;Contrat de performance énergétique
CPE;BAR-TH-137;Contrat de performance énergétique
CPE;BAR-TH-139;Contrat de performance énergétique
CPE;BAR-TH-141;Contrat de performance énergétique
CPE;BAR-TH-143;Contrat de performance énergétique
CPE;BAR-TH-145;Contrat de performance énergétique
CPE;BAR-TH-148;Contrat de performance énergétique
CPE;BAR-TH-150;Contrat de performance énergétique
CPE;BAR-TH-155;Contrat de performance énergétique
CPE;BAR-TH-158;Contrat de performance énergétique
CPE;BAR-TH-159;Contrat de performance énergétique
CPE;BAR-TH-160;Contrat de performance énergétique
CPE;BAR-TH-161;Contrat de performance énergétique
CPE;BAR-TH-162;Contrat de performance énergétique
CPE;BAR-TH-163;Contrat de performance énergétique
CPE;BAR-TH-164;Contrat de performance énergétique
CPE;BAR-TH-165;Contrat de performance énergétique
CPE;BAR-TH-166;Contrat de performance énergétique
CPE;BAR-TH-167;Contrat de performance énergétique
CPE;BAR-TH-168;Contrat de performance énergétique
CPE;BAT-EN-101;Contrat de performance énergétique
CPE;BAT-EN-102;Contrat de performance énergétique
CPE;BAT-EN-103;Contrat de performance énergétique
CPE;BAT-EN-104;Contrat de performance énergétique
CPE;BAT-EN-106;Contrat de performance énergétique
CPE;BAT-EN-107;Contrat de performance énergétique
CPE;BAT-EN-108;Contrat de performance énergétique
CPE;BAT-EN-109;Contrat de performance énergétique
CPE;BAT-EN-110;Contrat de performance énergétique
CPE;BAT-EQ-117;Contrat de performance énergétique
CPE;BAT-EQ-123;Contrat de performance énergétique
CPE;BAT-EQ-124;Contrat de performance énergétique
CPE;BAT-EQ-125;Contrat de performance énergétique
CPE;BAT-EQ-127;Contrat de performance énergétique
CPE;BAT-EQ-129;Contrat de performance énergétique
CPE;BAT-EQ-130;Contrat de performance énergétique
CPE;BAT-EQ-131;Contrat de performance énergétique
CPE;BAT-EQ-133;Contrat de performance énergétique
CPE;BAT-SE-103;Contrat de performance énergétique
CPE;BAT-SE-104;Contrat de performance énergétique
CPE;BAT-SE-105;Contrat de performance énergétique
CPE;BAT-TH-102;Contrat de performance énergétique
CPE;BAT-TH-103;Contrat de performance énergétique
CPE;BAT-TH-104;Contrat de performance énergétique
CPE;BAT-TH-105;Contrat de performance énergétique
CPE;BAT-TH-108;Contrat de performance énergétique
CPE;BAT-TH-109;Contrat de performance énergétique
CPE;BAT-TH-110;Contrat de performance énergétique
CPE;BAT-TH-111;Contrat de performance énergétique
CPE;BAT-TH-112;Contrat de performance énergétique
CPE;BAT-TH-113;Contrat de performance énergétique
CPE;BAT-TH-115;Contrat de performance énergétique
CPE;BAT-TH-116;Contrat de performance énergétique
CPE;BAT-TH-121;Contrat de performance énergétique
CPE;BAT-TH-122;Contrat de performance énergétique
CPE;BAT-TH-125;Contrat de performance énergétique
CPE;BAT-TH-126;Contrat de performance énergétique
CPE;BAT-TH-127;Contrat de performance énergétique
CPE;BAT-TH-134;Contrat de performance énergétique
CPE;BAT-TH-135;Contrat de performance énergétique
CPE;BAT-TH-139;Contrat de performance énergétique
CPE;BAT-TH-140;Contrat de performance énergétique
CPE;BAT-TH-141;Contrat de performance énergétique
CPE;BAT-TH-142;Contrat de performance énergétique
CPE;BAT-TH-143;Contrat de performance énergétique
CPE;BAT-TH-145;Contrat de performance énergétique
CPE;BAT-TH-146;Contrat de performance énergétique
CPE;BAT-TH-153;Contrat de performance énergétique
CPE;BAT-TH-154;Contrat de performance énergétique
CPE;BAT-TH-155;Contrat de performance énergétique
CPE;BAT-TH-156;Contrat de performance énergétique
CPE;BAT-TH-157;Contrat de performance énergétique
ZNI;IND-BA-110;Zones non interconnectées
ZNI;IND-BA-112;Zones non interconnectées
ZNI;IND-BA-113;Zones non interconnectées
ZNI;IND-BA-114;Zones non interconnectées
ZNI;IND-BA-116;Zones non interconnectées
ZNI;IND-BA-117;Zones non interconnectées
ZNI;IND-EN-101;Zones non interconnectées
ZNI;IND-EN-102;Zones non interconnectées
ZNI;IND-UT-102;Zones non interconnectées
ZNI;IND-UT-103;Zones non interconnectées
ZNI;IND-UT-104;Zones non interconnectées
ZNI;IND-UT-105;Zones non interconnectées
ZNI;IND-UT-112;Zones non interconnectées
ZNI;IND-UT-113;Zones non interconnectées
ZNI;IND-UT-114;Zones non interconnectées
ZNI;IND-UT-115;Zones non interconnectées
ZNI;IND-UT-116;Zones non interconnectées
ZNI;IND-UT-117;Zones non interconnectées
ZNI;IND-UT-118;Zones non interconnectées
ZNI;IND-UT-120;Zones non interconnectées
ZNI;IND-UT-121;Zones non interconnectées
ZNI;IND-UT-122;Zones non interconnectées
ZNI;IND-UT-123;Zones non interconnectées
ZNI;IND-UT-124;Zones non interconnectées
ZNI;IND-UT-125;Zones non interconnectées
ZNI;IND-UT-127;Zones non interconnectées
ZNI;IND-UT-129;Zones non interconnectées
ZNI;IND-UT-130;Zones non interconnectées
ZNI;IND-UT-131;Zones non interconnectées
ZNI;IND-UT-132;Zones non interconnectées
ZNI;IND-UT-133;Zones non interconnectées
ZNI;IND-UT-134;Zones non interconnectées
ZNI;IND-UT-135;Zones non interconnectées
ZNI;IND-UT-136;Zones non interconnectées
ZNI;RES-CH-101;Zones non interconnectées
ZNI;RES-CH-103;Zones non interconnectées
ZNI;RES-CH-104;Zones non interconnectées
ZNI;RES-CH-105;Zones non interconnectées
ZNI;RES-CH-106;Zones non interconnectées
ZNI;RES-CH-107;Zones non interconnectées
ZNI;RES-CH-108;Zones non interconnectées
ZNI;RES-EC-101;Zones non interconnectées
ZNI;RES-EC-102;Zones non interconnectées
ZNI;RES-EC-103;Zones non interconnectées
ZNI;RES-EC-104;Zones non interconnectées
ZNI;RES-EC-107;Zones non interconnectées
ZNI;TRA-EQ-101;Zones non interconnectées
ZNI;TRA-EQ-103;Zones non interconnectées
ZNI;TRA-EQ-104;Zones non interconnectées
ZNI;TRA-EQ-106;Zones non interconnectées
ZNI;TRA-EQ-107;Zones non interconnectées
ZNI;TRA-EQ-108;Zones non interconnectées
ZNI;TRA-EQ-109;Zones non interconnectées
ZNI;TRA-EQ-110;Zones non interconnectées
ZNI;TRA-EQ-111;Zones non interconnectées
ZNI;TRA-EQ-113;Zones non interconnectées
ZNI;TRA-EQ-114;Zones non interconnectées
ZNI;TRA-EQ-115;Zones non interconnectées
ZNI;TRA-EQ-117;Zones non interconnectées
ZNI;TRA-EQ-118;Zones non interconnectées
ZNI;TRA-EQ-119;Zones non interconnectées
ZNI;TRA-EQ-120;Zones non interconnectées
ZNI;TRA-EQ-121;Zones non interconnectées
ZNI;TRA-EQ-122;Zones non interconnectées
ZNI;TRA-EQ-123;Zones non interconnectées
ZNI;TRA-EQ-124;Zones non interconnectées
ZNI;TRA-SE-101;Zones non interconnectées
ZNI;TRA-SE-102;Zones non interconnectées
ZNI;TRA-SE-104;Zones non interconnectées
ZNI;TRA-SE-105;Zones non interconnectées
ZNI;TRA-SE-106;Zones non interconnectées
ZNI;TRA-SE-107;Zones non interconnectées
ZNI;TRA-SE-108;Zones non interconnectées
ZNI;TRA-SE-109;Zones non interconnectées
ZNI;TRA-SE-110;Zones non interconnectées
ZNI;TRA-SE-111;Zones non interconnectées
ZNI;TRA-SE-112;Zones non interconnectées
ZNI;TRA-SE-113;Zones non interconnectées
